filename,phash_int
image1.png,14743996359530527075
image10.png,14757226376575329843
image100.png,14757224890405967950
image101.png,14757224890405967950
image102.png,14757224890405967950
image103.png,14757224890405967950
image104.png,14757226372297078892
image105.png,14757226372297078892
image106.png,14757226372297078892
image107.png,11281063387483006029
image108.png,11281063387483006029
image109.png,14671659357071789112
image11.png,14827595139783406539
image110.png,14671659357071789112
image111.png,14959040855415533670
image112.png,14959040855415533670
image113.png,14757226375696273048
image114.png,14757226375696273048
image115.png,11068553091452973420
image116.png,11068553091452973420
image117.png,11082570001576925593
image118.png,11082570001576925593
image119.png,11406334959242298987
image12.png,14827595139783406539
image120.png,11406334959242298987
image121.png,14178296157223309779
image122.png,14178296157223309779
image123.png,11080585962831977272
image124.png,11080585962831977272
image125.png,14757224177568919862
image126.png,14757224177568919862
image127.png,14865383567662475667
image128.png,14865383567662475667
image129.png,11283315219981814426
image13.png,14829846909331859151
image130.png,11283315219981814426
image131.png,10116883122580861804
image132.png,10116883122580861804
image133.png,10116883122580861804
image134.png,14523042759096899474
image135.png,14523042759096899474
image136.png,11062642206334240390
image137.png,11062642206334240390
image138.png,14757789317099605027
image139.png,14757789317099605027
image14.png,14829846909331859151
image140.png,11285567055846584681
image141.png,11285567055846584681
image142.png,14827594046994027315
image143.png,14827594046994027315
image144.png,14827594046994027315
image145.png,14827594046994027315
image146.png,11210343947184845464
image147.png,11210343947184845464
image148.png,11210343947184845464
image149.png,14757226375602424857
image15.png,15793039584942067320
image150.png,14757226375602424857
image16.png,15793039584942067320
image17.png,11415890115099520152
image18.png,11415890115099520152
image19.png,11154402749704672108
image2.png,14743996359530527075
image20.png,11154402749704672108
image21.png,15082325013779389045
image22.png,15082325013779389045
image23.png,11089663393452704657
image24.png,11010570130994062746
image25.png,10348200365543639436
image26.png,10938234905320656592
image27.png,14760885495421023030
image28.png,11501177927236963358
image29.png,11350306333742499301
image3.png,10253694642947806156
image30.png,14757226376558567804
image31.png,11487664036831115620
image32.png,11269804903824116083
image33.png,14955099978095007955
image34.png,11210416565613530723
image35.png,14757507846375984281
image36.png,11066244152252928915
image37.png,14813240107374162788
image38.png,11415606437745380508
image39.png,10996215160587314541
image4.png,10253694642947806156
image40.png,14886702889992924468
image41.png,14643793279345179744
image42.png,11269804628900234860
image43.png,14716694630153571532
image44.png,11496678515519289999
image45.png,14730205191104903571
image46.png,11082345180654103753
image47.png,11299082252607199692
image48.png,10132082541592366411
image49.png,14669970344899038363
image5.png,14361523387284659438
image50.png,14898809399669453769
image51.png,14755537552484480561
image52.png,14802259484040482252
image53.png,14728516366141646745
image54.png,14684888394170715601
image55.png,10966942176192639435
image56.png,11356235258831213106
image57.png,14946375768295579161
image58.png,14757226376554846668
image59.png,14973678844450190435
image6.png,14361523387284659438
image60.png,11299358947865420491
image61.png,14739775366082514073
image62.png,11040898631109850009
image63.png,14060068231694109612
image64.png,10105086791721819820
image65.png,10039707380180180938
image66.png,14971425565314475578
image67.png,14730205225464130713
image68.png,10118589540649453965
image69.png,11269241687582754459
image7.png,10981297181249843858
image70.png,14585247787012048440
image71.png,14872910828490073806
image72.png,11085951553856352665
image73.png,10254242878430330035
image74.png,11210082231629135049
image75.png,14727177129382551437
image76.png,11082345699409631845
image77.png,11010565733826271468
image78.png,15751399237352824381
image79.png,10995089244373293417
image8.png,10981297181249843858
image80.png,14890642860397716685
image81.png,14946656145348310046
image82.png,14946656145348310046
image83.png,14727953425650564212
image84.png,14727953425650564212
image85.png,11262486391204635795
image86.png,11262486391204635795
image87.png,14009919660847519879
image88.png,14757507851529041048
image89.png,14757507851529041048
image9.png,14757226376575329843
image90.png,11271440675542320750
image91.png,11271440675542320750
image92.png,11298515051170077078
image93.png,11298515051170077078
image94.png,14323198447009121990
image95.png,14323198447009121990
image96.png,11082345155734024652
image97.png,11082345155734024652
image98.png,11082345155734024652
image99.png,11082345155734024652
